Source	Target	Weight	Date	Class
sandiwarauno	savepulpen	1	2019-02-18	Misleading News
savepulpen	setelahdebatsemalam	1	2019-02-18	False News
cekfakta	tempocekfakta	6	2019-05-15	True News
cekfakta	tempocekfakta	1	2019-05-21	False News
cekfakta	periksafakta	4	2019-05-15	True News
cekfakta	periksafakta	1	2019-05-21	False News
cekfakta	kamibersamacekfakta	4	2019-05-15	True News
cekfakta	kamibersamacekfakta	1	2019-05-21	False News
cekfakta	kbrprime	1	2019-02-08	False News
cekfakta	pilpres2019	1	2019-02-08	False News
cekfakta	pilpres2019	1	2019-04-13	True News
cekfakta	debatpilpres2019	3	2019-04-13	True News
cekfakta	debatpilpresmdk	1	2019-04-13	True News
cekfakta	debatcapres2019	1	2019-04-13	True News
cekfakta	voteforindonesia	1	2019-04-13	True News
cekfakta	millennialsmemilih	1	2019-04-13	True News
cekfakta	akuseruji	1	2019-04-13	True News
cekfakta	debatcapres	1	2019-04-13	True News
cekfakta	destinasiwisatahalalterbaikdunia	1	2019-04-13	True News
cekfakta	debatkeduapilpres2019	1	2019-02-17	False News
cekfakta	cekdata	1	2019-02-17	False News
cekfakta	kpu	1	2019-05-22	True News
cekfakta	plenokpu	1	2019-05-22	True News
cekfakta	cekfaktapilpres2019	2	2019-04-27	True News
tempocekfakta	periksafakta	4	2019-05-15	True News
tempocekfakta	periksafakta	1	2019-05-21	False News
tempocekfakta	kamibersamacekfakta	4	2019-05-15	True News
tempocekfakta	kamibersamacekfakta	1	2019-05-21	False News
tempocekfakta	cekfaktapemilu2019	2	2019-04-21	True News
tempocekfakta	kpu	1	2019-05-22	True News
tempocekfakta	plenokpu	1	2019-05-22	True News
tempocekfakta	cekfaktapilpres2019	2	2019-04-27	True News
periksafakta	kamibersamacekfakta	4	2019-05-15	True News
periksafakta	kamibersamacekfakta	1	2019-05-21	False News
periksafakta	2019gantipresiden	1	2018-10-12	True News
periksafakta	kpu	1	2019-05-22	True News
periksafakta	plenokpu	1	2019-05-22	True News
kamibersamacekfakta	kpu	1	2019-05-22	True News
kamibersamacekfakta	plenokpu	1	2019-05-22	True News
01jokowinpasti	2019jokowipresidenri	1	2019-01-16	False News
jokowi1periodelagilagi	no1	1	2019-01-14	False News
jokowi1periodelagilagi	istanamerdeka	1	2019-01-14	False News
jokowi1periodelagilagi	marufamin1kalilagi	1	2019-01-14	False News
jokowi1periodelagilagi	2019tetapjokowi	1	2019-01-14	False News
jokowi1periodelagilagi	jokowiamin	1	2019-01-14	False News
jokowi1periodelagilagi	2019jokowilagi	1	2019-01-14	False News
jokowi1periodelagilagi	jokowi	1	2019-01-14	False News
jokowi1periodelagilagi	jokowidodomaruf2019	1	2019-01-14	False News
jokowi1periodelagilagi	jokowipresidenku	1	2019-01-14	False News
jokowi1periodelagilagi	presidenjokowi	1	2019-01-14	False News
jokowi1periodelagilagi	ahok	1	2019-01-14	False News
no1	istanamerdeka	1	2019-01-14	False News
no1	marufamin1kalilagi	1	2019-01-14	False News
no1	2019tetapjokowi	1	2019-01-14	False News
no1	jokowiamin	1	2019-01-14	False News
no1	2019jokowilagi	1	2019-01-14	False News
no1	jokowi	1	2019-01-14	False News
no1	jokowidodomaruf2019	1	2019-01-14	False News
no1	jokowipresidenku	1	2019-01-14	False News
no1	presidenjokowi	1	2019-01-14	False News
no1	ahok	1	2019-01-14	False News
istanamerdeka	marufamin1kalilagi	1	2019-01-14	False News
istanamerdeka	2019tetapjokowi	1	2019-01-14	False News
istanamerdeka	jokowiamin	1	2019-01-14	False News
istanamerdeka	2019jokowilagi	1	2019-01-14	False News
istanamerdeka	jokowi	1	2019-01-14	False News
istanamerdeka	jokowidodomaruf2019	1	2019-01-14	False News
istanamerdeka	jokowipresidenku	1	2019-01-14	False News
istanamerdeka	presidenjokowi	1	2019-01-14	False News
istanamerdeka	ahok	1	2019-01-14	False News
marufamin1kalilagi	2019tetapjokowi	1	2019-01-14	False News
marufamin1kalilagi	jokowiamin	1	2019-01-14	False News
marufamin1kalilagi	2019jokowilagi	1	2019-01-14	False News
marufamin1kalilagi	jokowi	1	2019-01-14	False News
marufamin1kalilagi	jokowidodomaruf2019	1	2019-01-14	False News
marufamin1kalilagi	jokowipresidenku	1	2019-01-14	False News
marufamin1kalilagi	presidenjokowi	1	2019-01-14	False News
marufamin1kalilagi	ahok	1	2019-01-14	False News
2019tetapjokowi	jokowiamin	1	2019-01-14	False News
2019tetapjokowi	2019jokowilagi	1	2019-01-14	False News
2019tetapjokowi	jokowi	1	2019-01-14	False News
2019tetapjokowi	jokowidodomaruf2019	1	2019-01-14	False News
2019tetapjokowi	jokowipresidenku	1	2019-01-14	False News
2019tetapjokowi	presidenjokowi	1	2019-01-14	False News
2019tetapjokowi	ahok	1	2019-01-14	False News
jokowiamin	2019jokowilagi	1	2019-01-14	False News
jokowiamin	jokowi	1	2019-01-14	False News
jokowiamin	jokowidodomaruf2019	1	2019-01-14	False News
jokowiamin	jokowipresidenku	1	2019-01-14	False News
jokowiamin	presidenjokowi	1	2019-01-14	False News
jokowiamin	ahok	1	2019-01-14	False News
jokowiamin	indonesiaoptimis	1	2019-04-04	Other 1
jokowiamin	bersatuindonesia	1	2019-04-04	Other 1
jokowiamin	indonesiamaju	1	2019-04-04	Other 1
jokowiamin	jokowisekalilagi	1	2019-04-04	Other 1
2019jokowilagi	jokowi	1	2019-01-14	False News
2019jokowilagi	jokowidodomaruf2019	1	2019-01-14	False News
2019jokowilagi	jokowipresidenku	1	2019-01-14	False News
2019jokowilagi	presidenjokowi	1	2019-01-14	False News
2019jokowilagi	ahok	1	2019-01-14	False News
jokowi	jokowidodomaruf2019	1	2019-01-14	False News
jokowi	jokowipresidenku	1	2019-01-14	False News
jokowi	presidenjokowi	1	2019-01-14	False News
jokowi	ahok	1	2019-01-14	False News
jokowi	informasi	1	2019-04-15	True News
jokowi	klarifikasi	1	2019-04-15	True News
jokowi	hoaks	1	2019-04-15	True News
jokowi	ingin	1	2019-04-15	True News
jokowi	bertemu	1	2019-04-15	True News
jokowi	habib	1	2019-04-15	True News
jokowi	rizieq	1	2019-04-15	True News
jokowi	mekkah	1	2019-04-15	True News
jokowi	istana	1	2018-12-28	False News
jokowi	jokowiamintegakkanham	1	2019-01-17	False News
jokowi	jokowiaminpeduliham	1	2019-01-17	False News
jokowi	prabowo	1	2018-12-31	Other 2
jokowi	2019prabowopresiden	1	2018-12-31	Other 2
jokowidodomaruf2019	jokowipresidenku	1	2019-01-14	False News
jokowidodomaruf2019	presidenjokowi	1	2019-01-14	False News
jokowidodomaruf2019	ahok	1	2019-01-14	False News
jokowipresidenku	presidenjokowi	1	2019-01-14	False News
jokowipresidenku	ahok	1	2019-01-14	False News
presidenjokowi	ahok	1	2019-01-14	False News
presidenjokowi	pemilu2019	1	2019-01-17	True News
presidenjokowi	debatpilpres2019	1	2019-01-17	True News
presidenjokowi	marufamin	1	2019-01-17	True News
presidenjokowi	prabowosubianto	1	2019-01-17	True News
presidenjokowi	sandiagauno	1	2019-01-17	True News
presidenjokowi	vivafakta	1	2019-01-17	True News
hoaxpemilu	faktapemilu	6	2019-05-03	True News
hoaxpemilu	kpumelayani	2	2019-05-03	True News
hoaxpemilu	radiopemilu2019	1	2019-05-03	True News
faktapemilu	kpumelayani	2	2019-05-03	True News
faktapemilu	radiopemilu2019	1	2019-05-03	True News
kepoinpemilu	pemilunesia	2	2019-03-30	True News
liveblog	debatpilpres2019	4	2019-03-30	True News
liveblog	debatpilpres2019	1	2019-03-17	Misleading News
liveblog	debatpilpres2019	1	2019-03-17	True News
liveblog	datapilpres2019	1	2019-04-13	True News
liveblog	lokadata	1	2019-03-17	True News
debatpilpres2019	rumahpemilu	7	2019-03-17	True News
debatpilpres2019	rumahpemilu	3	2019-02-17	False News
debatpilpres2019	kasihpilihan	3	2019-03-17	True News
debatpilpres2019	kasihpilihan	1	2019-02-17	False News
debatpilpres2019	debatcawapres2019	3	2019-03-17	True News
debatpilpres2019	debatketigapilpres2019	2	2019-03-17	True News
debatpilpres2019	debatketigapilpres2019	2	2019-03-17	True News
debatpilpres2019	litbangkompas	2	2019-03-17	True News
debatpilpres2019	kompasdata	3	2019-03-17	True News
debatpilpres2019	mudamemilih	2	2019-03-17	True News
debatpilpres2019	mudamemilih	2	2019-02-17	False News
debatpilpres2019	debatcawapres	1	2019-03-17	True News
debatpilpres2019	debatfinalpilpres2019	1	2019-04-13	True News
debatpilpres2019	debatterakhirpilpres2019	3	2019-04-13	True News
debatpilpres2019	cekdata	1	2019-04-13	True News
debatpilpres2019	pilpres2019	2	2019-04-13	True News
debatpilpres2019	pilpres2019	2	2019-02-17	False News
debatpilpres2019	debatpilpresmdk	1	2019-04-13	True News
debatpilpres2019	debatpilpresmdk	2	2019-02-17	True News
debatpilpres2019	debatcapres2019	6	2019-04-13	True News
debatpilpres2019	debatcapres2019	1	2019-03-30	True News
debatpilpres2019	voteforindonesia	1	2019-04-13	True News
debatpilpres2019	millennialsmemilih	1	2019-04-13	True News
debatpilpres2019	debatpertamapilpres2019	1	2019-01-17	Other 2
debatpilpres2019	debatpertamapilpres2019	1	2019-01-17	Other 2
debatpilpres2019	pemilu2019	1	2019-01-17	True News
debatpilpres2019	marufamin	1	2019-01-17	True News
debatpilpres2019	prabowosubianto	1	2019-01-17	True News
debatpilpres2019	sandiagauno	1	2019-01-17	True News
debatpilpres2019	vivafakta	1	2019-01-17	True News
debatpilpres2019	rakyatsudahmuak	1	2019-01-17	False News
debatpilpres2019	prabohonglagi	1	2019-01-17	False News
debatpilpres2019	bersihkanindonesia	1	2019-02-17	Other 1
debatpilpres2019	bersihkanindonesia	1	2019-02-17	Other 2
debatpilpres2019	debatcapreskedua	1	2019-02-17	True News
debatpilpres2019	debatcapres	3	2019-02-17	True News
debatpilpres2019	debatcapres	1	2019-02-17	False News
debatpilpres2019	debatcapres	1	2019-01-17	Other 2
debatpilpres2019	debatcapres	2	2019-02-17	True News
debatpilpres2019	inews	2	2019-02-17	True News
debatpilpres2019	debatpintarjokowi	2	2019-02-17	False News
debatpilpres2019	jokowiuntuk1ndonesia	1	2019-02-17	False News
debatpilpres2019	curhatpilpres2019	1	2019-02-17	False News
debatpilpres2019	curhatpilpres2019	1	2019-03-30	True News
debatpilpres2019	debatkeduapilpres2019	1	2019-02-17	False News
debatpilpres2019	debatkeduapilpres2019	1	2019-02-17	False News
debatpilpres2019	debatdikumparan	1	2019-04-13	True News
debatpilpres2019	jernihmemilih	1	2019-04-13	True News
debatpilpres2019	debatkeempatpilpres2019	1	2019-03-30	True News
debatpilpres2019	jokowimengubahsemua	1	2019-03-30	Other 1
debatpilpres2019	jokowimengubahsemua	1	2019-03-30	True News
debatpilpres2019	infografis	1	2019-02-17	False News
debatpilpres2019	jawapos	2	2019-02-17	False News
debatpilpres2019	debatpilpresliputan6	4	2019-03-30	True News
debatpilpres2019	debatpilprestvri	1	2019-03-30	True News
debatpilpres2019	tvri	1	2019-03-30	True News
debatpilpres2019	mediapemersatubangsa	1	2019-03-30	True News
debatpilpres2019	debatpilpres	1	2019-03-30	True News
debatpilpres2019	debattongkrongan	1	2019-03-30	True News
debatpilpres2019	debatkeempatcapres2019	1	2019-03-30	True News
debatpilpres2019	debat1pilpresonnet	1	2019-01-17	Other 1
debatpilpres2019	layarpemilutepercaya	1	2019-01-17	Other 2
debatpilpres2019	metrotvindonesiamemilih	1	2019-01-17	True News
debatpilpres2019	metrotvindonesiamemilih	1	2019-01-17	Other 2
debatpilpres2019	lokadata	1	2019-03-17	True News
debatpilpres2019	pilihanindonesia	1	2019-02-17	True News
debatcawapres2019	catatannajwaxtirtoid	1	2019-03-17	Other 1
debatcawapres2019	catatannajwaxtirtoid	1	2019-03-17	True News
debatcawapres2019	debatketigacawapres	1	2019-03-17	True News
debatcawapres2019	rumahpemilu	1	2019-03-17	True News
debatcawapres2019	mudamemilih	1	2019-03-17	True News
debatcawapres2019	debatketigapilpres2019	3	2019-03-17	True News
rumahpemilu	kasihpilihan	3	2019-03-17	True News
rumahpemilu	kasihpilihan	1	2019-02-17	False News
rumahpemilu	debatketigacawapres	1	2019-03-17	True News
rumahpemilu	mudamemilih	2	2019-03-17	True News
rumahpemilu	mudamemilih	2	2019-02-17	False News
rumahpemilu	debatfinalpilpres2019	1	2019-04-13	True News
rumahpemilu	kompasdata	2	2019-04-13	True News
rumahpemilu	debatterakhirpilpres2019	1	2019-04-13	True News
rumahpemilu	debatcapres2019	3	2019-03-30	True News
rumahpemilu	litbangkompas	1	2019-03-30	True News
kasihpilihan	debatcapres2019	1	2019-03-30	True News
debatketigacawapres	mudamemilih	1	2019-03-17	True News
mudamemilih	litbangkompas	1	2019-03-17	True News
mudamemilih	kompasdata	1	2019-03-17	True News
mudamemilih	debatketigapilpres2019	1	2019-03-17	True News
mudamemilih	debatcawapres	1	2019-03-17	True News
mudamemilih	debatfinalpilpres2019	1	2019-04-13	True News
debatketigapilpres2019	litbangkompas	1	2019-03-17	True News
debatketigapilpres2019	kompasdata	1	2019-03-17	True News
debatketigapilpres2019	debatcawapres	1	2019-03-17	True News
debatketigapilpres2019	cekdata	1	2019-03-17	True News
cekfaktadebatpilpres2019	sandiagauno	1	2019-03-18	Other 1
cekfaktadebatpilpres2019	angkakematianibu	1	2019-03-18	Other 1
cekfaktadebatpilpres2019	cekfaktalive	3	2019-03-17	True News
sandiagauno	angkakematianibu	1	2019-03-18	Other 1
sandiagauno	pemilu2019	1	2019-01-17	True News
sandiagauno	marufamin	1	2019-01-17	True News
sandiagauno	prabowosubianto	1	2019-01-17	True News
sandiagauno	vivafakta	1	2019-01-17	True News
litbangkompas	kompasdata	2	2019-03-17	True News
litbangkompas	debatcawapres	1	2019-03-17	True News
litbangkompas	debatcapres2019	1	2019-03-30	True News
kompasdata	debatcawapres	1	2019-03-17	True News
kompasdata	debatterakhirpilpres2019	1	2019-04-13	True News
kompasdata	debatcapres2019	1	2019-03-30	True News
debatcawapres	pilpres2019	1	2019-03-17	True News
debatcawapres	asumsi	1	2019-03-18	True News
2019gantipresiden	2019prabowosandi	10	2018-09-25	False News
2019gantipresiden	2019prabowosandi	1	2018-11-17	False News
2019gantipresiden	2019prabowosandi	1	2018-11-27	True News
2019gantipresiden	2019prabowosandi	2	2018-12-31	Other 2
2019gantipresiden	2019prabowosandi	1	2019-01-03	True News
2019gantipresiden	rezimpanik	1	2018-09-25	False News
2019gantipresiden	rezimpanik	1	2019-02-05	False News
2019gantipresiden	tolakangkanol	1	2018-09-25	False News
2019gantipresiden	curangsejakawal	1	2018-09-25	False News
2019gantipresiden	prabowosandi	3	2018-09-25	False News
2019gantipresiden	prabowosandi	1	2018-12-24	False News
2019gantipresiden	prabowosandi	2	2018-11-26	Other 2
2019gantipresiden	hancurkanpki	1	2018-09-25	False News
2019gantipresiden	2019prabowosandimenang	1	2018-10-09	False News
2019gantipresiden	2019prabowosandimenang	1	2018-10-07	Other 2
2019gantipresiden	prabowopresiden	1	2018-10-09	False News
2019gantipresiden	prabowopresiden	1	2018-10-07	Other 1
2019gantipresiden	prabowopresiden	1	2018-10-07	Other 2
2019gantipresiden	prabowosandimenang	1	2018-10-09	False News
2019gantipresiden	adilmakmur	3	2018-10-09	False News
2019gantipresiden	adilmakmur2	1	2018-10-09	False News
2019gantipresiden	2019prabowopresiden	2	2019-02-05	False News
2019gantipresiden	2019prabowopresiden	1	2018-11-30	Other 1
2019gantipresiden	2019prabowopresiden	1	2018-10-06	Other 1
2019gantipresiden	2019prabowopresiden	2	2018-11-18	Misleading News
2019gantipresiden	prabowo	1	2019-02-05	False News
2019gantipresiden	powerofemakemak	1	2018-11-30	Other 1
2019gantipresiden	nomor2	1	2018-11-17	False News
2019gantipresiden	rakyatsudahmuak	1	2019-01-17	False News
2019gantipresiden	2019prabowopresidenri	1	2019-01-17	False News
2019gantipresiden	2019prabowopresidenri	1	2019-04-04	False News
2019gantipresiden	17aprilprabowopresiden	1	2019-01-17	False News
2019gantipresiden	harampilihpemimpiningkarjanji	1	2019-01-17	False News
2019gantipresiden	skip	1	2018-12-25	False News
2019gantipresiden	jkwtakutpaparkanmisivisi	8	2019-01-05	False News
2019gantipresiden	bapakhoaxnasional	1	2018-10-06	Other 1
2019gantipresiden	teganianpakmulyono	1	2018-10-07	Other 1
2019gantipresiden	prabowosandi02	1	2018-10-07	Other 1
2019gantipresiden	relawanprabowosandi	1	2018-10-07	Other 2
2019gantipresiden	ktpprabowo	1	2018-11-26	Other 2
2019gantipresiden	putihkangbk	1	2019-04-05	False News
2019gantipresiden	pilihpas2019	2	2018-11-18	Misleading News
2019gantipresiden	tahunbarupresidenbaru	1	2019-01-01	False News
2019gantipresiden	tahunbarupresidenbaru	1	2018-12-31	Other 2
2019gantipresiden	tahunbarupresidenbaru	1	2018-12-31	Other 2
2019gantipresiden	prabowothenextleader	1	2019-03-12	False News
2019gantipresiden	madura	1	2019-02-27	Other 1
2019gantipresiden	thepowerofemakemak	1	2019-02-27	Other 1
2019gantipresiden	2019tetapantipki	1	2018-11-30	False News
2019gantipresiden	2019diatakutdiganti	1	2018-11-30	False News
2019gantipresiden	indonesianeedsprabowo	1	2019-04-04	False News
2019gantipresiden	indonesiacallobserversos90turkey	1	2019-04-04	False News
2019gantipresiden	indonesiacallcartercenter	1	2019-04-04	False News
2019gantipresiden	webkawalpemilutipu	1	2019-04-04	False News
2019gantipresiden	kamibersamahrs	1	2018-09-30	False News
2019gantipresiden	prabowobersamaulama	1	2018-12-31	Other 2
2019gantipresiden	prabowosandiaja	1	2019-01-05	True News
2019prabowosandi	auditforensikkpu	1	2018-10-20	False News
2019prabowosandi	nomor2	1	2018-11-17	False News
2019prabowosandi	skip	1	2018-12-25	False News
2019prabowosandi	prabowosandi	1	2018-12-24	False News
2019prabowosandi	adilmakmur	1	2018-11-26	Misleading News
2019prabowosandi	adilmakmur	1	2019-01-01	False News
2019prabowosandi	cbw	1	2018-11-26	Misleading News
2019prabowosandi	tahunbarupresidenbaru	1	2019-01-01	False News
2019prabowosandi	tahunbarupresidenbaru	2	2018-12-31	Other 2
2019prabowosandi	kamibersamahrs	1	2018-09-30	False News
rezimpanik	2019prabowopresiden	1	2019-02-05	False News
rezimpanik	adilmakmur	1	2019-02-05	False News
rezimpanik	prabowo	1	2019-02-05	False News
rezimpanik	prabowosandi	1	2019-02-05	False News
tolakangkanol	curangsejakawal	1	2018-09-25	False News
tolakangkanol	prabowosandi	1	2018-09-25	False News
tolakangkanol	hancurkanpki	1	2018-09-25	False News
curangsejakawal	prabowosandi	1	2018-09-25	False News
curangsejakawal	hancurkanpki	1	2018-09-25	False News
prabowosandi	hancurkanpki	1	2018-09-25	False News
prabowosandi	2019prabowosandimenang	1	2018-10-09	False News
prabowosandi	prabowopresiden	1	2018-10-09	False News
prabowosandi	prabowosandimenang	1	2018-10-09	False News
prabowosandi	adilmakmur	1	2018-10-09	False News
prabowosandi	adilmakmur	2	2019-02-05	False News
prabowosandi	adilmakmur	1	2018-11-27	True News
prabowosandi	adilmakmur2	1	2018-10-09	False News
prabowosandi	2019prabowopresiden	1	2019-02-05	False News
prabowosandi	2019prabowopresiden	1	2018-11-27	True News
prabowosandi	prabowo	1	2019-02-05	False News
prabowosandi	indonesiamenang	1	2019-01-16	False News
prabowosandi	ktpprabowo	1	2018-11-26	Other 2
prabowosandi	galangperjuanganps	1	2018-11-27	True News
prabowosandi	bni8495002001000002	1	2018-11-27	True News
prabowosandi	ottohasibuan	1	2019-05-24	Misleading News
prabowosandi	sengketapemilu	1	2019-05-24	Misleading News
prabowosandi	prabowobersamaulama	1	2018-12-31	Other 2
indonesiacallscartercenter	indonesiacallsobservers	1	2019-03-26	Misleading News
indonesiacallscartercenter	ilchoaxdibasmiuuterorisme	1	2019-03-26	Misleading News
indonesiacallsobservers	ilchoaxdibasmiuuterorisme	1	2019-03-26	Misleading News
banserlaknatullah	bubarkanbanser	1	2018-10-22	Misleading News
2019prabowosandimenang	prabowopresiden	1	2018-10-09	False News
2019prabowosandimenang	prabowopresiden	1	2018-10-07	Other 2
2019prabowosandimenang	prabowosandimenang	1	2018-10-09	False News
2019prabowosandimenang	adilmakmur	1	2018-10-09	False News
2019prabowosandimenang	adilmakmur2	1	2018-10-09	False News
2019prabowosandimenang	indonesiacallsobsever	1	2019-03-25	True News
2019prabowosandimenang	relawanprabowosandi	1	2018-10-07	Other 2
prabowopresiden	prabowosandimenang	1	2018-10-09	False News
prabowopresiden	adilmakmur	1	2018-10-09	False News
prabowopresiden	adilmakmur2	1	2018-10-09	False News
prabowopresiden	teganianpakmulyono	1	2018-10-07	Other 1
prabowopresiden	prabowosandi02	1	2018-10-07	Other 1
prabowopresiden	relawanprabowosandi	1	2018-10-07	Other 2
prabowosandimenang	adilmakmur	1	2018-10-09	False News
prabowosandimenang	adilmakmur2	1	2018-10-09	False News
adilmakmur	adilmakmur2	1	2018-10-09	False News
adilmakmur	2019prabowopresiden	1	2019-02-05	False News
adilmakmur	2019prabowopresiden	1	2018-11-27	True News
adilmakmur	prabowo	1	2019-02-05	False News
adilmakmur	prabowo	1	2019-01-16	False News
adilmakmur	pidatokebangsaanprabowo	1	2019-01-16	False News
adilmakmur	pemilu2019	1	2019-01-16	False News
adilmakmur	17aprilcoblosnomor2	1	2019-01-16	False News
adilmakmur	17aprilcoblosprabowosandi	1	2019-01-16	False News
adilmakmur	rakyatinginkanperubahan	1	2019-01-16	False News
adilmakmur	indonesiamenang	1	2019-01-16	False News
adilmakmur	cbw	1	2018-11-26	Misleading News
adilmakmur	galangperjuanganps	1	2018-11-27	True News
adilmakmur	bni8495002001000002	1	2018-11-27	True News
adilmakmur	tahunbarupresidenbaru	1	2019-01-01	False News
adilmakmur	tablighakbardoauntukbangsa	1	2018-09-29	Other 1
situngbukanhasilakhir	pemilu2019manual	1	2019-05-06	Other 1
tolakhtidiindonesia	indonesiahebat	1	2018-11-09	Other 1
tolakhtidiindonesia	indonesiamaju	1	2018-11-09	Other 1
tolakhtidiindonesia	happytime	1	2018-11-09	Other 1
tolakhtidiindonesia	2019pilihjokowi	1	2018-11-09	Other 1
tolakhtidiindonesia	jokowilagi	1	2018-11-09	Other 1
indonesiahebat	indonesiamaju	1	2018-11-09	Other 1
indonesiahebat	happytime	1	2018-11-09	Other 1
indonesiahebat	2019pilihjokowi	1	2018-11-09	Other 1
indonesiahebat	jokowilagi	1	2018-11-09	Other 1
indonesiamaju	happytime	1	2018-11-09	Other 1
indonesiamaju	2019pilihjokowi	1	2018-11-09	Other 1
indonesiamaju	jokowilagi	1	2018-11-09	Other 1
indonesiamaju	indonesiaoptimis	1	2019-04-04	Other 1
indonesiamaju	bersatuindonesia	1	2019-04-04	Other 1
indonesiamaju	jokowisekalilagi	1	2019-04-04	Other 1
happytime	2019pilihjokowi	1	2018-11-09	Other 1
happytime	jokowilagi	1	2018-11-09	Other 1
2019pilihjokowi	jokowilagi	1	2018-11-09	Other 1
2019pilihjokowi	mahasiswa	1	2018-11-21	True News
2019pilihjokowi	mahasiswijogja	1	2018-11-21	True News
2019pilihjokowi	indonesiabangga	1	2018-11-21	True News
2019pilihjokowi	indonesia	1	2018-11-21	True News
jokowilagi	jokowiorangbaik	1	2019-01-19	Other 1
jokowilagi	urangsundamenangkan01	1	2019-01-19	Other 1
jokowilagi	jokowimembangunindonesia	1	2018-12-29	False News
koalisisontoloyo	prabowobersamahti	1	2018-10-27	Other 1
koalisisontoloyo	jokmilenial2019	1	2018-10-27	Other 1
prabowobersamahti	jokmilenial2019	1	2018-10-27	Other 1
prabowobersamahti	jokowibersamacucu	2	2018-10-26	False News
prabowobersamahti	sbybersamaferdinand	2	2018-10-26	False News
prabowobersamahti	tetapnkritetappansilac	1	2018-10-26	Misleading News
mahasiswa	mahasiswijogja	1	2018-11-21	True News
mahasiswa	indonesiabangga	1	2018-11-21	True News
mahasiswa	indonesia	1	2018-11-21	True News
mahasiswijogja	indonesiabangga	1	2018-11-21	True News
mahasiswijogja	indonesia	1	2018-11-21	True News
indonesiabangga	indonesia	1	2018-11-21	True News
kbrprime	pilpres2019	1	2019-02-08	False News
pilpres2019	debatcapres2019	1	2019-04-13	True News
pilpres2019	debatcapres2019	1	2019-03-30	True News
pilpres2019	cekdata	1	2019-04-13	True News
pilpres2019	pemilu2019	4	2019-04-15	True News
pilpres2019	pemilu2019	1	2019-04-15	Other 1
pilpres2019	pemilu2019	1	2019-05-21	Other 2
pilpres2019	pemilu2019	1	2019-05-14	Misleading News
pilpres2019	kpu	1	2019-04-15	True News
pilpres2019	akuseruji	2	2019-04-13	True News
pilpres2019	debatcapres	1	2019-04-13	True News
pilpres2019	debatcapres	1	2019-03-30	True News
pilpres2019	destinasiwisatahalalterbaikdunia	1	2019-04-13	True News
pilpres2019	viral	1	2019-01-26	True News
pilpres2019	prabowo	1	2019-01-26	True News
pilpres2019	sandiaga	1	2019-01-26	True News
pilpres2019	jawapos	2	2019-02-17	False News
pilpres2019	debatpilpresliputan6	1	2019-03-30	True News
pilpres2019	jokowipelanggarham	1	2019-05-24	True News
pilpres2019	mobiltnidiacaraprabowosandi	1	2019-03-22	True News
pilpres2019	tni	1	2019-04-04	False News
pilpres2019	rakyatbergerak	1	2019-05-27	Other 1
pilpres2019	aminraisbapakreformasi	1	2019-05-27	Other 1
pilpres2019	rakyattolakhasilpilpres	1	2019-05-21	Other 2
pilpres2019	98jagademokrasi	1	2019-05-21	Other 2
pilpres2019	suratsuara	1	2019-04-05	True News
pilpres2019	kpps	1	2019-04-05	True News
pilpres2019	opinivideo	1	2019-04-05	True News
pilpres2019	suratsuaratercoblos	1	2019-04-17	True News
2019prabowopresiden	prabowo	1	2019-02-05	False News
2019prabowopresiden	prabowo	1	2018-12-31	Other 2
2019prabowopresiden	powerofemakemak	1	2018-11-30	Other 1
2019prabowopresiden	bapakhoaxnasional	1	2018-10-06	Other 1
2019prabowopresiden	galangperjuanganps	1	2018-11-27	True News
2019prabowopresiden	bni8495002001000002	1	2018-11-27	True News
2019prabowopresiden	pilihpas2019	2	2018-11-18	Misleading News
2019prabowopresiden	2019tetapantipki	1	2018-11-30	False News
2019prabowopresiden	2019diatakutdiganti	1	2018-11-30	False News
prabowo	pidatokebangsaanprabowo	1	2019-01-16	False News
prabowo	pemilu2019	1	2019-01-16	False News
prabowo	17aprilcoblosnomor2	1	2019-01-16	False News
prabowo	17aprilcoblosprabowosandi	1	2019-01-16	False News
prabowo	rakyatinginkanperubahan	1	2019-01-16	False News
prabowo	indonesiamenang	1	2019-01-16	False News
prabowo	viral	1	2019-01-26	True News
prabowo	sandiaga	1	2019-01-26	True News
prabowo	hoaxsaber	1	2019-03-15	False News
prabowo	opinivideo	1	2019-03-15	False News
prabowo	tahunbarupresidenbaru	1	2018-12-31	Other 2
factcheck	metrosiang	1	2019-05-23	True News
sambhar	tofababitukanghoax	1	2019-03-10	Other 2
pkivspancasila	tanpakecuranganprabowomenang	1	2019-04-07	False News
pkivspancasila	demokrasidengkirezimsontoloyo	1	2019-04-04	False News
pkivspancasila	akalbulusvsakalsehat	1	2019-04-04	False News
auditforensikkpu	saveourdemocracy	1	2019-04-24	False News
auditforensikkpu	saveourdemocracy	1	2019-04-24	True News
auditforensikkpu	pemilu2019	1	2019-04-24	True News
auditforensikkpu	bentuktpfkecuranganpilpres	1	2019-04-24	True News
auditforensikkpu	dokumenkanc1dikecamatan	1	2019-04-24	True News
auditforensikkpu	bpnkawalsuarakami	1	2019-04-24	True News
auditforensikkpu	maumenangkokmaincurang	1	2019-04-24	True News
saveourdemocracy	pemilu2019	1	2019-04-20	Other 2
saveourdemocracy	pemilu2019	2	2019-04-24	True News
saveourdemocracy	kpujangancurang	1	2019-04-20	Other 2
saveourdemocracy	kpujangancurang	1	2019-04-20	False News
saveourdemocracy	inaelectionobserversos	1	2019-04-20	Other 2
saveourdemocracy	amankanc1	1	2019-04-20	Other 2
saveourdemocracy	prabowowinrealcount	1	2019-04-20	Other 2
saveourdemocracy	02wintheelection	1	2019-04-20	Other 2
saveourdemocracy	bentuktpfkecuranganpilpres	1	2019-04-24	True News
saveourdemocracy	dokumenkanc1dikecamatan	2	2019-04-24	True News
saveourdemocracy	bpnkawalsuarakami	2	2019-04-24	True News
saveourdemocracy	maumenangkokmaincurang	3	2019-04-24	True News
saveourdemocracy	indonesiafraudelection	1	2019-04-22	True News
saveourdemocracy	indonesiafraudelection	1	2019-04-23	True News
saveourdemocracy	daruratc1plano	1	2019-04-23	True News
debatcapres2019	debatpilpresmdk	1	2019-04-13	True News
debatcapres2019	debatpilpresliputan6	2	2019-03-30	True News
debatcapres2019	debatpilpresliputan6	1	2019-03-30	True News
debatcapres2019	debatcapres	1	2019-03-30	True News
debatcapres2019	pilihanindonesia	1	2019-02-17	True News
debatcapres2019	1newstainment	1	2019-03-30	True News
debatcapres2019	sukseskanpemilu2019	1	2019-03-30	True News
cekdata	debatkeduapilpres2019	1	2019-02-17	False News
cekfaktacnn	cnnindonesia	2	2019-04-14	True News
debatpilpresmdk	debatcapreskedua	1	2019-02-17	True News
debatpilpresmdk	debatpilpres	1	2019-03-30	True News
voteforindonesia	millennialsmemilih	1	2019-04-13	True News
wiwingemplangjanji	semuajadisaksi02ditps	1	2019-03-10	True News
wiwingemplangjanji	birojomblo	1	2019-03-10	True News
hoaxesemka	hoaxgantiuntung	1	2019-03-11	Other 1
hoaxesemka	hoaxtidakhutang	1	2019-03-11	Other 1
hoaxesemka	hoaxtidakimpor	1	2019-03-11	Other 1
hoaxesemka	hoaxkebakaranhutan	1	2019-03-11	Other 1
hoaxesemka	hoaxteriakhoax	1	2019-03-11	Other 1
hoaxesemka	janganpilihpembohong	1	2019-03-11	Other 1
hoaxesemka	17aprilemak2kepungtps	1	2019-03-11	Other 1
hoaxesemka	coblos02prabowodansandi	1	2019-03-11	Other 1
hoaxgantiuntung	hoaxtidakhutang	1	2019-03-11	Other 1
hoaxgantiuntung	hoaxtidakimpor	1	2019-03-11	Other 1
hoaxgantiuntung	hoaxkebakaranhutan	1	2019-03-11	Other 1
hoaxgantiuntung	hoaxteriakhoax	1	2019-03-11	Other 1
hoaxgantiuntung	janganpilihpembohong	1	2019-03-11	Other 1
hoaxgantiuntung	17aprilemak2kepungtps	1	2019-03-11	Other 1
hoaxgantiuntung	coblos02prabowodansandi	1	2019-03-11	Other 1
hoaxgantiuntung	ilcsambharmenyambar	1	2019-03-11	Other 1
hoaxgantiuntung	prabowothenextleader	1	2019-03-11	Other 1
hoaxtidakhutang	hoaxtidakimpor	1	2019-03-11	Other 1
hoaxtidakhutang	hoaxkebakaranhutan	1	2019-03-11	Other 1
hoaxtidakhutang	hoaxteriakhoax	1	2019-03-11	Other 1
hoaxtidakhutang	janganpilihpembohong	1	2019-03-11	Other 1
hoaxtidakhutang	17aprilemak2kepungtps	1	2019-03-11	Other 1
hoaxtidakhutang	coblos02prabowodansandi	1	2019-03-11	Other 1
hoaxtidakimpor	hoaxkebakaranhutan	1	2019-03-11	Other 1
hoaxtidakimpor	hoaxteriakhoax	1	2019-03-11	Other 1
hoaxtidakimpor	janganpilihpembohong	1	2019-03-11	Other 1
hoaxtidakimpor	17aprilemak2kepungtps	1	2019-03-11	Other 1
hoaxtidakimpor	coblos02prabowodansandi	1	2019-03-11	Other 1
hoaxkebakaranhutan	hoaxteriakhoax	1	2019-03-11	Other 1
hoaxkebakaranhutan	janganpilihpembohong	1	2019-03-11	Other 1
hoaxkebakaranhutan	17aprilemak2kepungtps	1	2019-03-11	Other 1
hoaxkebakaranhutan	coblos02prabowodansandi	1	2019-03-11	Other 1
hoaxteriakhoax	janganpilihpembohong	1	2019-03-11	Other 1
hoaxteriakhoax	17aprilemak2kepungtps	1	2019-03-11	Other 1
hoaxteriakhoax	coblos02prabowodansandi	1	2019-03-11	Other 1
janganpilihpembohong	17aprilemak2kepungtps	1	2019-03-11	Other 1
janganpilihpembohong	coblos02prabowodansandi	1	2019-03-11	Other 1
17aprilemak2kepungtps	coblos02prabowodansandi	1	2019-03-11	Other 1
17aprilemak2kepungtps	02tidaktahudiri	1	2019-03-12	True News
17aprilemak2kepungtps	cobos02prabowodansandi	1	2019-03-12	True News
ilcsambharmenyambar	prabowothenextleader	1	2019-03-11	Other 1
prabowothenextleader	rendahhatiterus	1	2019-03-11	True News
guepenginpemimpinjujur	virusakalsehat	1	2019-03-10	True News
guepenginpemimpinjujur	janjilagidustalagi	1	2019-03-10	True News
guepenginpemimpinjujur	harampemimpinmunafik	1	2019-03-10	True News
pidatokebangsaanprabowo	2019prabowopresidenri	1	2019-01-17	False News
pidatokebangsaanprabowo	pemilu2019	1	2019-01-16	False News
pidatokebangsaanprabowo	17aprilcoblosnomor2	1	2019-01-16	False News
pidatokebangsaanprabowo	17aprilcoblosprabowosandi	1	2019-01-16	False News
pidatokebangsaanprabowo	rakyatinginkanperubahan	1	2019-01-16	False News
pidatokebangsaanprabowo	indonesiamenang	1	2019-01-16	False News
2019prabowopresidenri	rakyatsudahmuak	1	2019-01-17	False News
2019prabowopresidenri	17aprilprabowopresiden	1	2019-01-17	False News
2019prabowopresidenri	harampilihpemimpiningkarjanji	1	2019-01-17	False News
2019prabowopresidenri	sumenep	1	2019-02-27	Other 2
2019prabowopresidenri	madura	1	2019-02-27	Other 2
2019prabowopresidenri	indonesianeedsprabowo	1	2019-04-04	False News
2019prabowopresidenri	indonesiacallobserversos90turkey	1	2019-04-04	False News
2019prabowopresidenri	indonesiacallcartercenter	1	2019-04-04	False News
2019prabowopresidenri	webkawalpemilutipu	1	2019-04-04	False News
2019prabowopresidenri	rakyattraumahutang	1	2019-01-10	Misleading News
2019prabowopresidenri	saveaniesbaswedan	1	2019-01-10	Misleading News
2019prabowopresidenri	salam2jari	1	2019-01-10	Misleading News
2019prabowopresidenri	s	1	2019-01-10	Misleading News
2019prabowopresidenri	prabowobersamaulama	1	2019-01-10	False News
indonesiamenang	pemilu2019	1	2019-01-16	False News
indonesiamenang	17aprilcoblosnomor2	1	2019-01-16	False News
indonesiamenang	17aprilcoblosprabowosandi	1	2019-01-16	False News
indonesiamenang	rakyatinginkanperubahan	1	2019-01-16	False News
pemilu2019	17aprilcoblosnomor2	1	2019-01-16	False News
pemilu2019	17aprilcoblosprabowosandi	1	2019-01-16	False News
pemilu2019	rakyatinginkanperubahan	1	2019-01-16	False News
pemilu2019	kpujangancurang	1	2019-04-20	Other 2
pemilu2019	kpujangancurang	1	2019-04-19	True News
pemilu2019	inaelectionobserversos	1	2019-04-20	Other 2
pemilu2019	inaelectionobserversos	1	2019-04-19	True News
pemilu2019	amankanc1	1	2019-04-20	Other 2
pemilu2019	amankanc1	1	2019-04-19	True News
pemilu2019	prabowowinrealcount	1	2019-04-20	Other 2
pemilu2019	prabowowinrealcount	1	2019-04-19	True News
pemilu2019	02wintheelection	1	2019-04-20	Other 2
pemilu2019	02wintheelection	1	2019-04-19	True News
pemilu2019	kpu	1	2019-04-15	True News
pemilu2019	marufamin	1	2019-01-17	True News
pemilu2019	prabowosubianto	1	2019-01-17	True News
pemilu2019	vivafakta	1	2019-01-17	True News
pemilu2019	bentuktpfkecuranganpilpres	1	2019-04-24	True News
pemilu2019	dokumenkanc1dikecamatan	2	2019-04-24	True News
pemilu2019	bpnkawalsuarakami	2	2019-04-24	True News
pemilu2019	maumenangkokmaincurang	2	2019-04-24	True News
pemilu2019	taucepattanpabatas	1	2019-05-08	False News
pemilu2019	taucepattanpabatas	2	2019-04-22	True News
pemilu2019	guegakgolput	1	2019-05-08	False News
pemilu2019	guegakgolput	2	2019-04-22	True News
pemilu2019	jokowipelanggarham	1	2019-05-24	True News
pemilu2019	curangitudosa	1	2019-04-30	False News
pemilu2019	pecundangmaincurang	1	2019-04-30	False News
pemilu2019	indonesiaibukotabaru	1	2019-04-30	False News
pemilu2019	stopvietnamillegalfishing	1	2019-04-30	False News
pemilu2019	indonesiamemanggilcaknun	1	2019-05-13	Misleading News
pemilu2019	riprasakeadilan	1	2019-05-13	Misleading News
pemilu2019	sandiuno	1	2019-05-10	Misleading News
pemilu2019	misterikematiankpps	1	2019-05-10	Misleading News
pemilu2019	daruratc1plano	1	2019-04-23	True News
pemilu2019	indonesiafraudelection	1	2019-04-23	True News
pemilu2019	rakyattolakhasilpilpres	1	2019-05-21	Other 2
pemilu2019	98jagademokrasi	1	2019-05-21	Other 2
pemilu2019	bismillahinsyaallahprabowo	1	2019-04-17	True News
pemilu2019	jagatpskawalhasilsuara	1	2019-04-17	True News
pemilu2019	thevictoryofprabowo	1	2019-04-17	True News
pemilu2019	suratsuaratercoblos	1	2019-04-17	True News
17aprilcoblosnomor2	17aprilcoblosprabowosandi	1	2019-01-16	False News
17aprilcoblosnomor2	rakyatinginkanperubahan	1	2019-01-16	False News
17aprilcoblosprabowosandi	rakyatinginkanperubahan	1	2019-01-16	False News
01rajahoax	02wintheelection	1	2019-04-20	Other 1
02wintheelection	kpujangancurang	1	2019-04-20	Other 2
02wintheelection	kpujangancurang	1	2019-04-19	True News
02wintheelection	inaelectionobserversos	1	2019-04-20	Other 2
02wintheelection	inaelectionobserversos	1	2019-04-19	True News
02wintheelection	amankanc1	1	2019-04-20	Other 2
02wintheelection	amankanc1	1	2019-04-19	True News
02wintheelection	prabowowinrealcount	1	2019-04-20	Other 2
02wintheelection	prabowowinrealcount	1	2019-04-19	True News
kpujangancurang	inaelectionobserversos	1	2019-04-20	Other 2
kpujangancurang	inaelectionobserversos	1	2019-04-19	True News
kpujangancurang	amankanc1	1	2019-04-20	Other 2
kpujangancurang	amankanc1	1	2019-04-19	True News
kpujangancurang	prabowowinrealcount	1	2019-04-20	Other 2
kpujangancurang	prabowowinrealcount	1	2019-04-19	True News
kpujangancurang	2019prabowopresident08	1	2019-04-22	False News
inaelectionobserversos	amankanc1	1	2019-04-20	Other 2
inaelectionobserversos	amankanc1	1	2019-04-19	True News
inaelectionobserversos	prabowowinrealcount	1	2019-04-20	Other 2
inaelectionobserversos	prabowowinrealcount	1	2019-04-19	True News
inaelectionobserversos	ketikviralkan	1	2019-03-20	False News
inaelectionobserversos	help	1	2019-03-20	False News
inaelectionobserversos	inacalling4intelectionobservers	1	2019-03-20	False News
inaelectionobserversos	02vspki	1	2019-03-23	False News
inaelectionobserversos	jokowikalahrakyatbahagia	1	2019-03-23	False News
inaelectionobserversos	sementara	1	2019-03-22	Misleading News
inaelectionobserversos	katanya	1	2019-03-22	Misleading News
amankanc1	prabowowinrealcount	1	2019-04-20	Other 2
amankanc1	prabowowinrealcount	1	2019-04-19	True News
01thechampion	01jokowiaminsudahmenang	1	2019-04-20	True News
exitpoll	pkbnomorsatu	1	2019-04-15	Other 1
exitpoll	pkbsatukanindonesia	1	2019-04-15	Other 1
pkbnomorsatu	pkbsatukanindonesia	1	2019-04-15	Other 1
kpu	plenokpu	1	2019-05-22	True News
quickcount	babebacaberita	2	2019-04-16	Other 1
quickcount	babetps	2	2019-04-16	Other 1
quickcount	tempatpemilusantai	1	2019-04-16	Other 1
quickcount	tempatpemilusantai	1	2019-04-16	Other 1
babebacaberita	babetps	1	2019-04-16	Other 1
babebacaberita	babetps	1	2019-04-16	Other 1
babebacaberita	tempatpemilusantai	1	2019-04-16	Other 1
babebacaberita	tempatpemilusantai	1	2019-04-16	Other 1
babetps	tempatpemilusantai	1	2019-04-16	Other 1
babetps	tempatpemilusantai	1	2019-04-16	Other 1
tusukprabowosandi	uasdifitnahkejidanbrutal	1	2019-04-14	True News
tusukprabowosandi	uasdifitnahkejibalasditps	1	2019-04-15	False News
tusukprabowosandi	beranipilih02	1	2019-04-15	False News
tusukprabowosandi	17aprilprabowopresidenri	1	2019-04-15	False News
tusukprabowosandi	tutup01tusuk02	1	2019-04-05	True News
uasdifitnahkejidanbrutal	uasdifitnahkejibalasditps	1	2019-04-15	False News
01indonesiamaju	jokowinyatakerjanya	1	2019-01-14	Other 2
01indonesiamaju	orangbaikmemenangkanjokowi	1	2019-01-14	Other 2
01indonesiamaju	01jokowilagi	1	2019-03-09	Misleading News
01indonesiamaju	bersatu	1	2019-04-11	False News
01indonesiamaju	barengjokowi	1	2019-04-11	False News
01indonesiamaju	01jokowiamin	1	2019-04-11	False News
01indonesiamaju	jokowidilanjutkanlagi	1	2019-04-04	Misleading News
jokowinyatakerjanya	orangbaikmemenangkanjokowi	1	2019-01-14	Other 2
jokowinyatakerjanya	asikinhidupwetnwild	1	2019-02-19	True News
debatpertamapilpres2019	debatcapres	1	2019-01-17	Other 2
debatpertamapilpres2019	layarpemilutepercaya	1	2019-01-17	Other 2
marufamin	prabowosubianto	1	2019-01-17	True News
marufamin	vivafakta	1	2019-01-17	True News
prabowosubianto	vivafakta	1	2019-01-17	True News
pasmenang	prabowoindonesiamenang	1	2019-01-17	True News
bentuktpfkecuranganpilpres	dokumenkanc1dikecamatan	1	2019-04-24	True News
bentuktpfkecuranganpilpres	bpnkawalsuarakami	1	2019-04-24	True News
bentuktpfkecuranganpilpres	maumenangkokmaincurang	1	2019-04-24	True News
dokumenkanc1dikecamatan	bpnkawalsuarakami	2	2019-04-24	True News
dokumenkanc1dikecamatan	maumenangkokmaincurang	2	2019-04-24	True News
dokumenkanc1dikecamatan	maumenangkokmaincurang	1	2019-04-22	False News
dokumenkanc1dikecamatan	daruratc1plano	1	2019-04-23	True News
dokumenkanc1dikecamatan	indonesiafraudelection	1	2019-04-23	True News
bpnkawalsuarakami	maumenangkokmaincurang	2	2019-04-24	True News
bpnkawalsuarakami	daruratc1plano	1	2019-04-23	True News
bpnkawalsuarakami	indonesiafraudelection	1	2019-04-23	True News
maumenangkokmaincurang	indonesiafraudelection	2	2019-04-22	True News
maumenangkokmaincurang	daruratc1plano	1	2019-04-23	True News
prabowomenangdebat	jokowibohonglagi	1	2019-02-18	False News
prabowomenangdebat	debatpintarjokowi	2	2019-02-17	False News
prabowomenangdebat	prabowosmartleader	1	2019-02-17	True News
prabowomenangdebat	neweraprabowosandi	2	2019-02-17	True News
gabisadibantah	savenalar	1	2019-02-23	Other 1
gabisadibantah	jokowimemberikanbukti	1	2019-02-23	Other 1
savenalar	jokowimemberikanbukti	1	2019-02-23	Other 1
janjilagidustalagi	harampemimpinmunafik	1	2019-03-10	True News
jokowiorangbaik	urangsundamenangkan01	1	2019-01-19	Other 1
rakyatsudahmuak	prabohonglagi	1	2019-01-17	False News
rakyatsudahmuak	17aprilprabowopresiden	1	2019-01-17	False News
rakyatsudahmuak	harampilihpemimpiningkarjanji	1	2019-01-17	False News
17aprilprabowopresiden	harampilihpemimpiningkarjanji	1	2019-01-17	False News
lyingawardsforpresident	debat02prabowomenang	1	2019-02-20	Other 1
semburankebohonganjokowi	lyingawardsforpresiden	1	2019-02-20	True News
capres01bohong	rabu	1	2019-02-20	True News
capres01bohong	banten	1	2019-02-20	True News
capres01bohong	cianjur	1	2019-02-20	True News
capres01bohong	jabar	1	2019-02-20	True News
capres01bohong	semarang	1	2019-02-20	True News
capres01bohong	surabayanow	1	2019-02-20	True News
rabu	banten	1	2019-02-20	True News
rabu	cianjur	1	2019-02-20	True News
rabu	jabar	1	2019-02-20	True News
rabu	semarang	1	2019-02-20	True News
rabu	surabayanow	1	2019-02-20	True News
banten	cianjur	1	2019-02-20	True News
banten	jabar	1	2019-02-20	True News
banten	semarang	1	2019-02-20	True News
banten	surabayanow	1	2019-02-20	True News
cianjur	jabar	1	2019-02-20	True News
cianjur	semarang	1	2019-02-20	True News
cianjur	surabayanow	1	2019-02-20	True News
jabar	semarang	1	2019-02-20	True News
jabar	surabayanow	1	2019-02-20	True News
semarang	surabayanow	1	2019-02-20	True News
debatcapres	inews	2	2019-02-17	True News
debatcapres	debatpintarjokowi	1	2019-02-17	False News
debatcapres	debatkeduapilpres2019	1	2019-02-17	False News
debatcapres	akuseruji	1	2019-04-13	True News
debatcapres	destinasiwisatahalalterbaikdunia	1	2019-04-13	True News
debatcapres	debatpilpresliputan6	1	2019-03-30	True News
debatcapres	layarpemilutepercaya	1	2019-01-17	Other 2
debatcapres	pilihanindonesia	1	2019-02-17	True News
debatpintarjokowi	jokowiuntuk1ndonesia	1	2019-02-17	False News
debatpintarjokowi	debatkeduapilpres2019	1	2019-02-17	False News
debatpintarjokowi	220000hektar	1	2019-02-17	True News
curhatpilpres2019	debatkeempatcapres2019	1	2019-03-30	True News
curhatpilpres2019	jokowimengubahsemua	1	2019-03-30	True News
debatkeduapilpres2019	infografis	1	2019-02-17	False News
debatdikumparan	jernihmemilih	1	2019-04-13	True News
pesonawisatahalalindonesia	alambanten	1	2019-04-14	True News
pesonawisatahalalindonesia	waytolombok	1	2019-04-14	True News
akuseruji	destinasiwisatahalalterbaikdunia	1	2019-04-13	True News
akuseruji	mobiltnidiacaraprabowosandi	1	2019-03-22	True News
pantaubersama	2019sayaberpartisipasi	3	2019-04-04	True News
debatasyikjokowi	karnajokowi	1	2019-03-30	True News
jokowimengubahsemua	debatkeempatcapres2019	1	2019-03-30	True News
indonesiaoptimis	bersatuindonesia	1	2019-04-04	Other 1
indonesiaoptimis	jokowisekalilagi	1	2019-04-04	Other 1
bersatuindonesia	jokowisekalilagi	1	2019-04-04	Other 1
chinateroris	fasischina	2	2018-12-19	False News
fasischina	chinaterorist	6	2018-12-19	False News
fasischina	usirdubeschina	5	2018-12-19	False News
chinaterorist	usirdubeschina	6	2018-12-19	False News
usirdubeschina	savemuslimuyghur	1	2018-12-22	False News
saveuighur	saveuyghur	1	2018-12-22	False News
saveuighur	savemuslimuighur	1	2018-12-22	False News
saveuighur	savemuslimuyghur	1	2018-12-22	False News
saveuighur	usirdubescina	1	2018-12-22	False News
saveuyghur	savemuslimuighur	1	2018-12-22	False News
saveuyghur	savemuslimuyghur	1	2018-12-22	False News
saveuyghur	usirdubescina	1	2018-12-22	False News
savemuslimuighur	savemuslimuyghur	1	2018-12-22	False News
savemuslimuighur	usirdubescina	1	2018-12-22	False News
savemuslimuyghur	usirdubescina	1	2018-12-22	False News
chinateroristfasischina	usirdutabesarchina	1	2018-12-20	False News
prabololu	peoplepower	1	2019-05-07	False News
prabololu	kampretdelusi	1	2019-05-07	False News
peoplepower	kampretdelusi	1	2019-05-07	False News
uasdifitnahkejibalasditps	beranipilih02	1	2019-04-15	False News
uasdifitnahkejibalasditps	17aprilprabowopresidenri	1	2019-04-15	False News
pilihorangbaik	pilihygjelasislamnya	1	2019-04-15	Misleading News
pilihorangbaik	pilihygbajuputih	1	2019-04-15	Misleading News
pilihygjelasislamnya	pilihygbajuputih	1	2019-04-15	Misleading News
informasi	klarifikasi	1	2019-04-15	True News
informasi	hoaks	1	2019-04-15	True News
informasi	ingin	1	2019-04-15	True News
informasi	bertemu	1	2019-04-15	True News
informasi	habib	1	2019-04-15	True News
informasi	rizieq	1	2019-04-15	True News
informasi	mekkah	1	2019-04-15	True News
klarifikasi	hoaks	1	2019-04-15	True News
klarifikasi	ingin	1	2019-04-15	True News
klarifikasi	bertemu	1	2019-04-15	True News
klarifikasi	habib	1	2019-04-15	True News
klarifikasi	rizieq	1	2019-04-15	True News
klarifikasi	mekkah	1	2019-04-15	True News
hoaks	ingin	1	2019-04-15	True News
hoaks	bertemu	1	2019-04-15	True News
hoaks	habib	1	2019-04-15	True News
hoaks	rizieq	1	2019-04-15	True News
hoaks	mekkah	1	2019-04-15	True News
ingin	bertemu	1	2019-04-15	True News
ingin	habib	1	2019-04-15	True News
ingin	rizieq	1	2019-04-15	True News
ingin	mekkah	1	2019-04-15	True News
bertemu	habib	1	2019-04-15	True News
bertemu	rizieq	1	2019-04-15	True News
bertemu	mekkah	1	2019-04-15	True News
habib	rizieq	1	2019-04-15	True News
habib	mekkah	1	2019-04-15	True News
rizieq	mekkah	1	2019-04-15	True News
beranipilih02	17aprilprabowopresidenri	1	2019-04-15	False News
diskualifikasijokowi	jokowipelanggarham	1	2019-05-25	True News
diskualifikasijokowi	jokowimundurlah	1	2019-05-25	True News
jokowipelanggarham	jokowimundurlah	1	2019-05-25	True News
jokowipelanggarham	diskuailifikasijokowi	1	2019-05-24	True News
jokowipelanggarham	jumatcurhat	1	2019-05-24	True News
jokowibloodyhands	hoax	1	2019-05-25	Misleading News
hoax	viral	2	2019-05-06	True News
hoax	antihoax	1	2019-04-04	True News
jaekingoflies	rezimtiputipu	1	2019-02-22	False News
jaekingoflies	jaengibuldimanalagi	1	2019-02-22	False News
jaekingoflies	rfd41	1	2019-02-22	False News
jaekingoflies	jaerajahoax	1	2019-02-22	False News
jaekingoflies	shameonyoujae	1	2019-02-22	False News
jaekingoflies	rbcz1	1	2019-02-22	False News
rezimtiputipu	jaengibuldimanalagi	1	2019-02-22	False News
rezimtiputipu	jaengibuldimanalagi	1	2019-02-22	False News
rezimtiputipu	rfd41	1	2019-02-22	False News
rezimtiputipu	shameonyoujae	1	2019-02-22	False News
rezimtiputipu	rce76	1	2019-02-22	False News
jaengibuldimanalagi	rfd41	1	2019-02-22	False News
jaengibuldimanalagi	shameonyoujae	1	2019-02-22	False News
jaengibuldimanalagi	rce76	1	2019-02-22	False News
shameonyoujae	rce76	1	2019-02-22	False News
shameonyoujae	jaerajahoax	1	2019-02-22	False News
shameonyoujae	rbcz1	1	2019-02-22	False News
jaerajahoax	rbcz1	1	2019-02-22	False News
teganianpakmulyono	prabowosandi02	1	2018-10-07	Other 1
combat	rabber	1	2018-10-10	Other 1
combat	pamulang	1	2018-10-10	Other 1
combat	ciputat	1	2018-10-10	Other 1
combat	tangsel	1	2018-10-10	Other 1
combat	khabib	1	2018-10-10	Other 1
combat	khabibvsmcgregor	1	2018-10-10	Other 1
combat	sablonkaos	1	2018-10-10	Other 1
combat	sablonpamulang	1	2018-10-10	Other 1
combat	kaossatuan	1	2018-10-10	Other 1
combat	sablonsatuan	1	2018-10-10	Other 1
combat	timnasday	1	2018-10-10	Other 1
combat	pesonaeightfestival2018	1	2018-10-10	Other 1
combat	matanajwasatuataudua	1	2018-10-10	Other 1
rabber	pamulang	1	2018-10-10	Other 1
rabber	ciputat	1	2018-10-10	Other 1
rabber	tangsel	1	2018-10-10	Other 1
rabber	khabib	1	2018-10-10	Other 1
rabber	khabibvsmcgregor	1	2018-10-10	Other 1
rabber	sablonkaos	1	2018-10-10	Other 1
rabber	sablonpamulang	1	2018-10-10	Other 1
rabber	kaossatuan	1	2018-10-10	Other 1
rabber	sablonsatuan	1	2018-10-10	Other 1
rabber	timnasday	1	2018-10-10	Other 1
rabber	pesonaeightfestival2018	1	2018-10-10	Other 1
rabber	matanajwasatuataudua	1	2018-10-10	Other 1
pamulang	ciputat	1	2018-10-10	Other 1
pamulang	tangsel	1	2018-10-10	Other 1
pamulang	khabib	1	2018-10-10	Other 1
pamulang	khabibvsmcgregor	1	2018-10-10	Other 1
pamulang	sablonkaos	1	2018-10-10	Other 1
pamulang	sablonpamulang	1	2018-10-10	Other 1
pamulang	kaossatuan	1	2018-10-10	Other 1
pamulang	sablonsatuan	1	2018-10-10	Other 1
pamulang	timnasday	1	2018-10-10	Other 1
pamulang	pesonaeightfestival2018	1	2018-10-10	Other 1
pamulang	matanajwasatuataudua	1	2018-10-10	Other 1
ciputat	tangsel	1	2018-10-10	Other 1
ciputat	khabib	1	2018-10-10	Other 1
ciputat	khabibvsmcgregor	1	2018-10-10	Other 1
ciputat	sablonkaos	1	2018-10-10	Other 1
ciputat	sablonpamulang	1	2018-10-10	Other 1
ciputat	kaossatuan	1	2018-10-10	Other 1
ciputat	sablonsatuan	1	2018-10-10	Other 1
ciputat	timnasday	1	2018-10-10	Other 1
ciputat	pesonaeightfestival2018	1	2018-10-10	Other 1
ciputat	matanajwasatuataudua	1	2018-10-10	Other 1
tangsel	khabib	1	2018-10-10	Other 1
tangsel	khabibvsmcgregor	1	2018-10-10	Other 1
tangsel	sablonkaos	1	2018-10-10	Other 1
tangsel	sablonpamulang	1	2018-10-10	Other 1
tangsel	kaossatuan	1	2018-10-10	Other 1
tangsel	sablonsatuan	1	2018-10-10	Other 1
tangsel	timnasday	1	2018-10-10	Other 1
tangsel	pesonaeightfestival2018	1	2018-10-10	Other 1
tangsel	matanajwasatuataudua	1	2018-10-10	Other 1
khabib	khabibvsmcgregor	1	2018-10-10	Other 1
khabib	sablonkaos	1	2018-10-10	Other 1
khabib	sablonpamulang	1	2018-10-10	Other 1
khabib	kaossatuan	1	2018-10-10	Other 1
khabib	sablonsatuan	1	2018-10-10	Other 1
khabib	timnasday	1	2018-10-10	Other 1
khabib	pesonaeightfestival2018	1	2018-10-10	Other 1
khabib	matanajwasatuataudua	1	2018-10-10	Other 1
khabibvsmcgregor	sablonkaos	1	2018-10-10	Other 1
khabibvsmcgregor	sablonpamulang	1	2018-10-10	Other 1
khabibvsmcgregor	kaossatuan	1	2018-10-10	Other 1
khabibvsmcgregor	sablonsatuan	1	2018-10-10	Other 1
khabibvsmcgregor	timnasday	1	2018-10-10	Other 1
khabibvsmcgregor	pesonaeightfestival2018	1	2018-10-10	Other 1
khabibvsmcgregor	matanajwasatuataudua	1	2018-10-10	Other 1
sablonkaos	sablonpamulang	1	2018-10-10	Other 1
sablonkaos	kaossatuan	1	2018-10-10	Other 1
sablonkaos	sablonsatuan	1	2018-10-10	Other 1
sablonkaos	timnasday	1	2018-10-10	Other 1
sablonkaos	pesonaeightfestival2018	1	2018-10-10	Other 1
sablonkaos	matanajwasatuataudua	1	2018-10-10	Other 1
sablonpamulang	kaossatuan	1	2018-10-10	Other 1
sablonpamulang	sablonsatuan	1	2018-10-10	Other 1
sablonpamulang	timnasday	1	2018-10-10	Other 1
sablonpamulang	pesonaeightfestival2018	1	2018-10-10	Other 1
sablonpamulang	matanajwasatuataudua	1	2018-10-10	Other 1
kaossatuan	sablonsatuan	1	2018-10-10	Other 1
kaossatuan	timnasday	1	2018-10-10	Other 1
kaossatuan	pesonaeightfestival2018	1	2018-10-10	Other 1
kaossatuan	matanajwasatuataudua	1	2018-10-10	Other 1
sablonsatuan	timnasday	1	2018-10-10	Other 1
sablonsatuan	pesonaeightfestival2018	1	2018-10-10	Other 1
sablonsatuan	matanajwasatuataudua	1	2018-10-10	Other 1
timnasday	pesonaeightfestival2018	1	2018-10-10	Other 1
timnasday	matanajwasatuataudua	1	2018-10-10	Other 1
pesonaeightfestival2018	matanajwasatuataudua	1	2018-10-10	Other 1
reuni212	reuniakbar212	1	2018-12-04	False News
reuniakbar212	aksibelaislam212	1	2018-11-30	False News
reuniakbar212	kamibersamahrs	1	2018-11-30	False News
viral	sandiaga	1	2019-01-26	True News
viral	video	1	2019-02-19	True News
viral	pdip	1	2019-02-19	True News
viral	caleg	1	2019-02-19	True News
jabarhantamhoaks	hantamhoaks	1	2019-01-09	True News
jabarhantamhoaks	hoakspemilu	1	2019-01-09	True News
hantamhoaks	hoakspemilu	1	2019-01-09	True News
hantamhoaks	kebunrayabogor	1	2019-02-15	True News
taucepattanpabatas	guegakgolput	1	2019-05-08	False News
taucepattanpabatas	guegakgolput	2	2019-04-22	True News
news	teropongsenayan	1	2018-12-18	True News
news	connectsindonesia	1	2018-12-18	True News
teropongsenayan	connectsindonesia	1	2018-12-18	True News
02tidaktahudiri	cobos02prabowodansandi	1	2019-03-12	True News
bersatu	barengjokowi	1	2019-04-11	False News
bersatu	01jokowiamin	1	2019-04-11	False News
barengjokowi	01jokowiamin	1	2019-04-11	False News
debatpilprestvri	tvri	1	2019-03-30	True News
debatpilprestvri	mediapemersatubangsa	1	2019-03-30	True News
tvri	mediapemersatubangsa	1	2019-03-30	True News
catatannajwadebatpilpres	narasitv	1	2019-03-30	True News
catatannajwadebatpilpres	suarapenentu	1	2019-03-30	True News
narasitv	suarapenentu	1	2019-03-30	True News
indonesiafraudelection	daruratc1plano	1	2019-04-23	True News
kotaksuara	dprd	1	2019-04-19	True News
tuhantidaktidur	sandiwaraprabohong	1	2018-11-26	Other 2
tuhantidaktidur	prabowoantekaseng	1	2018-11-26	Other 2
tuhantidaktidur	prabowoantekzionis	1	2018-11-26	Other 2
tuhantidaktidur	salam1jempol	1	2018-11-26	Other 2
tuhantidaktidur	safaripdipjokowitop	1	2018-11-26	Other 2
sandiwaraprabohong	prabowoantekaseng	1	2018-11-26	Other 2
sandiwaraprabohong	prabowoantekzionis	1	2018-11-26	Other 2
sandiwaraprabohong	salam1jempol	1	2018-11-26	Other 2
sandiwaraprabohong	safaripdipjokowitop	1	2018-11-26	Other 2
prabowoantekaseng	prabowoantekzionis	1	2018-11-26	Other 2
prabowoantekaseng	salam1jempol	1	2018-11-26	Other 2
prabowoantekaseng	safaripdipjokowitop	1	2018-11-26	Other 2
prabowoantekzionis	salam1jempol	1	2018-11-26	Other 2
prabowoantekzionis	safaripdipjokowitop	1	2018-11-26	Other 2
salam1jempol	safaripdipjokowitop	1	2018-11-26	Other 2
galangperjuanganps	bni8495002001000002	1	2018-11-27	True News
8harilagicoblosprabowosandi	8harilagigantipresiden	1	2019-04-09	False News
lawanradikalismenegara	rezimrepresifantiislam	1	2018-10-18	Misleading News
lawanradikalismenegara	rezimgagal	1	2018-10-18	Misleading News
lawanradikalismenegara	rezimrajahutang	1	2018-10-18	Misleading News
lawanradikalismenegara	rezimkriminalisasiajaranislam	1	2018-10-18	Misleading News
lawanradikalismenegara	jokowisengsarakanrakyat	1	2018-10-18	Misleading News
lawanradikalismenegara	jokowidzalim	1	2018-10-18	Misleading News
rezimrepresifantiislam	rezimgagal	1	2018-10-18	Misleading News
rezimrepresifantiislam	rezimrajahutang	1	2018-10-18	Misleading News
rezimrepresifantiislam	rezimkriminalisasiajaranislam	1	2018-10-18	Misleading News
rezimrepresifantiislam	jokowisengsarakanrakyat	1	2018-10-18	Misleading News
rezimrepresifantiislam	jokowidzalim	1	2018-10-18	Misleading News
rezimgagal	rezimrajahutang	1	2018-10-18	Misleading News
rezimgagal	rezimkriminalisasiajaranislam	1	2018-10-18	Misleading News
rezimgagal	jokowisengsarakanrakyat	1	2018-10-18	Misleading News
rezimgagal	jokowidzalim	1	2018-10-18	Misleading News
rezimrajahutang	rezimkriminalisasiajaranislam	1	2018-10-18	Misleading News
rezimrajahutang	jokowisengsarakanrakyat	1	2018-10-18	Misleading News
rezimrajahutang	jokowidzalim	1	2018-10-18	Misleading News
rezimkriminalisasiajaranislam	jokowisengsarakanrakyat	1	2018-10-18	Misleading News
rezimkriminalisasiajaranislam	jokowidzalim	1	2018-10-18	Misleading News
jokowisengsarakanrakyat	jokowidzalim	1	2018-10-18	Misleading News
ruh212	mcahacktivis	1	2019-05-24	True News
margarethanainggolan	janggal	1	2019-05-23	True News
318diedintheworstinaelection	stopvietnamillegalfishing	1	2019-04-30	False News
stopvietnamillegalfishing	curangitudosa	1	2019-04-30	False News
stopvietnamillegalfishing	pecundangmaincurang	1	2019-04-30	False News
stopvietnamillegalfishing	indonesiaibukotabaru	1	2019-04-30	False News
curangitudosa	pecundangmaincurang	1	2019-04-30	False News
curangitudosa	indonesiaibukotabaru	1	2019-04-30	False News
pecundangmaincurang	indonesiaibukotabaru	1	2019-04-30	False News
tvonecariribut	tvonecobadeligitimasi02	1	2019-03-13	Misleading News
sugengambalwarsasrisultanhbx	prabowomenyapasumbar	1	2019-04-02	Other 2
amplopluhutadamaunya	ilcseranganfajar	1	2019-04-02	True News
amplopluhutadamaunya	bikinmalu	1	2019-04-02	True News
ilcseranganfajar	bikinmalu	1	2019-04-02	True News
yusrilnorakdankasarmainnya	13harilagicobloscapres02	1	2019-04-04	True News
ottohasibuan	sengketapemilu	1	2019-05-24	Misleading News
pbnuprotesdubessaudi	specialreportinews	1	2018-12-04	True News
pbnuprotesdubessaudi	specialreportinews	1	2018-12-04	Other 1
hantamhoax	ansormaju1barisan	1	2018-12-05	True News
pdip	caleg	1	2019-02-19	True News
02vspki	jokowikalahrakyatbahagia	1	2019-03-23	False News
saringsebelumsharing	tnipolrisolid	1	2019-01-04	True News
saringsebelumsharing	sinergitastnipolri	1	2019-01-04	True News
saringsebelumsharing	stophoax	2	2019-05-03	True News
saringsebelumsharing	polripromoter	1	2019-05-04	True News
saringsebelumsharing	polriadauntukmasyarakat	1	2019-05-04	True News
tnipolrisolid	sinergitastnipolri	2	2019-01-04	True News
tnipolrisolid	stophoax	1	2019-01-05	True News
sinergitastnipolri	stophoax	1	2019-01-05	True News
stophoax	bijakbermediasosial	3	2019-01-04	True News
stophoax	polripromoter	3	2019-01-04	True News
stophoax	polripromoter	1	2019-05-04	True News
stophoax	polriadauntukmasyarakat	1	2019-05-04	True News
bijakbermediasosial	polripromoter	3	2019-01-04	True News
polripromoter	polriadauntukmasyarakat	1	2019-05-04	True News
santriwapresjokowi	debat1terbuktikerjanya	1	2019-01-18	Other 2
santriwapresjokowi	debat1terbuktikerjanya	1	2019-01-18	True News
vadshiring	vadster	1	2019-01-17	Other 1
vadshiring	idvads	1	2019-01-17	Other 1
vadshiring	goodplacetowork	1	2019-01-17	Other 1
vadster	idvads	1	2019-01-17	Other 1
vadster	goodplacetowork	1	2019-01-17	Other 1
idvads	goodplacetowork	1	2019-01-17	Other 1
jokowiamintegakkanham	jokowiaminpeduliham	1	2019-01-17	False News
jokowiamintegakkanham	jokowiaminmenangdebat	1	2019-01-17	Other 2
jokowiamintegakkanham	jokowiaminlebihbaik	1	2019-01-17	Other 2
peoplepowerkonstitusional	pantunpuasa	1	2019-05-13	Misleading News
indonesiamemanggilcaknun	riprasakeadilan	1	2019-05-13	Misleading News
prabowosmartleader	neweraprabowosandi	1	2019-02-17	True News
1newstainment	sukseskanpemilu2019	1	2019-03-30	True News
janganpilihpemimpinpendusta	janganmaudikibulilagi	1	2019-04-02	Other 1
sandiuno	misterikematiankpps	1	2019-05-10	Misleading News
bubarkanfpi	saveindonesia	1	2019-05-09	True News
bubarkanfpi	bubarkanormasradikalfpi	1	2019-05-09	True News
saveindonesia	bubarkanormasradikalfpi	1	2019-05-09	True News
peoplepowerbukanmakar	peoplepoweraspirasirakyat	1	2019-05-10	Misleading News
arusbesarmenujuperubahan	prabowosanditakterbendung	1	2019-04-03	False News
prabowosanditakterbendung	pilihprabowountukperubahan	1	2019-04-04	False News
hoaxsaber	opinivideo	1	2019-03-15	False News
opinivideo	suratsuara	1	2019-04-05	True News
opinivideo	kpps	1	2019-04-05	True News
kamidukungfpi	kamibersamaubn	1	2019-05-08	False News
kamidukungfpi	kamibersamaulama	1	2019-05-08	False News
kamibersamaubn	kamibersamaulama	1	2019-05-08	False News
sementara	katanya	2	2019-03-22	Misleading News
jokowiaminmenangdebat	jokowiaminlebihbaik	1	2019-01-17	Other 2
rakyatbergerak	dukung7tuntutanprabowo	1	2019-05-27	Misleading News
rakyatbergerak	aminraisbapakreformasi	1	2019-05-27	Other 1
praboworajatega	jokowiramahsabar	1	2019-02-27	False News
praboworajatega	cirebonmelukyai	1	2019-02-27	False News
jokowiramahsabar	cirebonmelukyai	1	2019-02-27	False News
sumenep	madura	1	2019-02-27	Other 2
madura	thepowerofemakemak	1	2019-02-27	Other 1
sakera	carok	1	2019-02-27	Other 1
sakera	gemahripahlohjinawi	1	2019-02-27	Other 1
sakera	madurapilihprabowosandi	1	2019-02-27	Other 1
carok	gemahripahlohjinawi	1	2019-02-27	Other 1
carok	madurapilihprabowosandi	1	2019-02-27	Other 1
gemahripahlohjinawi	madurapilihprabowosandi	1	2019-02-27	Other 1
gerakansubuhberjamaah	19harilagicobloscapres02	1	2019-03-29	False News
gerakansubuhberjamaah	istriajadicuekinapalagirakyat	1	2019-03-29	False News
gerakansubuhberjamaah	prabowomenyapakarawangbogor	1	2019-03-29	False News
19harilagicobloscapres02	istriajadicuekinapalagirakyat	1	2019-03-29	False News
19harilagicobloscapres02	prabowomenyapakarawangbogor	1	2019-03-29	False News
istriajadicuekinapalagirakyat	prabowomenyapakarawangbogor	1	2019-03-29	False News
klikrmol	pilpres	1	2018-10-01	Other 2
foto	spanduklgbt	1	2019-01-30	True News
prabowomenyapategal	prabowomenyapajateng	1	2019-04-01	True News
aksibelaislam212	kamibersamahrs	1	2018-11-30	False News
2019tetapantipki	2019diatakutdiganti	1	2018-11-30	False News
uasdibayarprabowo	uasterlantarkananakistri	3	2019-04-16	False News
uasdibayarprabowo	uasterimagratifikasi	2	2019-04-16	False News
uasterlantarkananakistri	uasterimagratifikasi	2	2019-04-16	False News
saveuas	saveustadzabdulsomad	2	2019-04-14	False News
saveuas	saveustadzabdulsomad	1	2019-04-13	False News
saveuas	selamatkanuas	2	2019-04-14	False News
saveuas	selamatkanuas	1	2019-04-13	False News
saveuas	uasberdakwah	2	2019-04-14	False News
saveuas	uasberdakwah	1	2019-04-13	False News
saveuas	save_uas	2	2019-04-14	False News
saveuas	save_uas	1	2019-04-13	False News
saveustadzabdulsomad	selamatkanuas	2	2019-04-14	False News
saveustadzabdulsomad	uasberdakwah	2	2019-04-14	False News
saveustadzabdulsomad	save_uas	2	2019-04-14	False News
selamatkanuas	uasberdakwah	2	2019-04-14	False News
selamatkanuas	save_uas	2	2019-04-14	False News
uasberdakwah	save_uas	2	2019-04-14	False News
terbaru	pojokan	1	2019-04-28	Other 2
apeloe	profesornolkoma	1	2019-04-27	False News
jokowinelection	linetoday	1	2019-05-04	True News
tutup01tusuk02	13harilagitusukprabowosandi	1	2019-04-04	Other 1
tutup01tusuk02	putihkanjakarta	1	2019-04-04	Other 1
13harilagitusukprabowosandi	putihkanjakarta	1	2019-04-04	Other 1
demokrasidengkirezimsontoloyo	akalbulusvsakalsehat	1	2019-04-04	False News
indonesianeedsprabowo	indonesiacallobserversos90turkey	1	2019-04-04	False News
indonesianeedsprabowo	indonesiacallcartercenter	1	2019-04-04	False News
indonesianeedsprabowo	webkawalpemilutipu	1	2019-04-04	False News
indonesiacallobserversos90turkey	indonesiacallcartercenter	1	2019-04-04	False News
indonesiacallobserversos90turkey	webkawalpemilutipu	1	2019-04-04	False News
indonesiacallcartercenter	webkawalpemilutipu	1	2019-04-04	False News
indonesiacallsharimansiregar	ramadhanbulanperjuangan	1	2019-05-05	True News
rakyattolakhasilpilpres	98jagademokrasi	1	2019-05-21	Other 2
rakyattraumahutang	saveaniesbaswedan	1	2019-01-10	Misleading News
rakyattraumahutang	salam2jari	1	2019-01-10	Misleading News
rakyattraumahutang	s	1	2019-01-10	Misleading News
saveaniesbaswedan	salam2jari	1	2019-01-10	Misleading News
saveaniesbaswedan	s	1	2019-01-10	Misleading News
salam2jari	s	1	2019-01-10	Misleading News
suratsuara	kpps	1	2019-04-05	True News
prabowobentengnkri	pemilih02pemilihcerdas	1	2019-04-02	True News
sumateraselatan	jagatpskawalhasilsuara	1	2019-04-17	True News
jagatpskawalhasilsuara	bismillahinsyaallahprabowo	1	2019-04-17	True News
jagatpskawalhasilsuara	thevictoryofprabowo	1	2019-04-17	True News
bismillahinsyaallahprabowo	thevictoryofprabowo	1	2019-04-17	True News
tablighakbar	doabersama	1	2018-10-01	Other 1
jokowibersamacucu	sbybersamaferdinand	1	2018-10-26	False News
lindungiburismayaallah	pemimpinmasadepan	1	2019-05-03	False News
tsamaraamany	situngkpu	1	2019-05-15	Misleading News
htiterlarang	htipemecahbelahindonesia	1	2018-11-07	Other 1